{
  "num_chunks": 13,
  "total_size": 325225287,
  "chunk_size_bytes": 26214400,
  "base_name": "epoch50_acc_0.88048_pr_0.85800_roc_0.94890"
}